variance,skewness,curtosis,entropy
-0.6391557972345925,1.805579613156213,-0.18836535370700389,-3.050968405649312
0.8218892504921359,0.8523990193393344,-0.5940784674254009,0.6034547916464164
-1.6570334420055595,-1.6332832133478026,2.383861509726639,-0.34235536177662806
1.728860979896016,0.32863092652080905,-0.7480772230818712,1.0844489433244742
0.1139725810869808,0.2059922967087277,0.3250915103353851,0.5346559532266641
-1.458982150734524,0.01591339600728214,-0.3560244035403075,-0.635557966483298
1.480129896919261,0.9834296908720002,-0.7961181894104253,0.3877608251471804
-0.9300381474125723,-0.057808242125658355,-0.5155769441082184,0.0053464029024928705
1.5771725728654622,0.6224874699077912,-0.9194971745010975,0.3245379649856474
0.055171387857228436,0.9484769215327452,-0.06281275717149516,-0.8512538502792787
-0.9981961498312062,-1.8481667605030478,1.8083159654744172,0.25450390813802354
0.8716916219813438,1.5232557951116037,-1.1193909743590538,-1.408468216752229
0.2785204588107309,-0.15424242617078815,0.9804976619186002,0.5117236461856617
1.576646120735555,-0.18918337573297178,-0.16938432637661546,1.14704868204393
-1.0236413361100474,1.7479159864443505,0.30294005612048974,-1.226229161153936
1.2303459096826923,-0.14865167161608897,-0.16661770204290094,0.8916647556294885
-1.3381087417078634,-0.4250318303334436,0.23650876790727776,0.9114991904549946
-1.6586127983952803,0.25875915863393134,-0.16958276648729056,0.0890124396060228
0.31912746643089535,-1.0522229725253682,1.5188702970664516,-0.26427345184248313
-0.7144033550026413,-0.37122313948638874,0.025954580708403042,1.482959071742204
0.7287072234985867,0.8495960436338676,-0.35464039914050605,0.7825801573310679
-0.21254004924310882,-0.5050517211057765,-0.02900871506230599,0.9189383018250249
-1.0538596883667124,-1.4613729985444432,1.7288245490470062,1.5908070136401944
1.5806120601141884,0.9785329260853411,-0.8884620641687702,0.15843296149529368
0.04842578123268599,-0.3097214623055346,-0.061243695831273426,0.29787795374846415
-0.8248881086658026,1.668267574379971,0.23948536956740424,-1.0031037524716493
1.0926260324990058,1.276931640946845,-1.2789275935692477,-1.3290921315153081
0.6105011719301218,-0.43027305719475023,0.9136741083703327,0.22041437201453432
0.3913917954628042,1.2447818473130567,-0.7245643774100187,-0.2655196947266376
0.5820727569151407,-0.14620666630192272,0.7023123160698732,1.1587921246061554
-1.340319840653473,-2.498761061296039,2.6644004475856993,-0.7365515725184384
-0.8962399206725392,-0.31496944332516763,0.10186946025736718,1.215831702765537
-0.7195625858757305,-0.12104404945682241,-0.42977005578641503,0.27991288324919006
0.6387541029018007,1.3768594133863183,-1.0804413340311962,-0.8679822643781226
1.9140317423886584,0.6864324638632299,-0.9977887204918681,0.4230918109129621
-0.44173975820031175,0.19445957136635522,-0.6446806956475526,-0.13476005672765187
-0.856089171564961,-1.4400636290245692,1.7325856813772436,0.6152313075774907
1.2861498354528405,-0.2262198029159291,0.036822637932586035,1.0063334806972941
0.2779940066808238,1.176649275195234,-0.8586037498416091,0.18074550236352235
0.4622171553396338,-0.335235295383609,0.8480273508272314,1.186688792243769
1.5486388674244997,1.0641418828727915,-1.0288238308241953,-0.13845085296149423
0.8578985761777786,-0.9910640688795801,0.48880460164234574,0.41131481565770156
0.2493199140052194,-0.1647248798934014,0.9109051765934707,0.2941679845471733
-1.1113131641439027,-0.22866649676967696,0.21495724891070245,0.6716357811901397
-0.9293362112393629,1.7143815903536452,-0.3297290121770236,-3.164376508107377
-0.9117527101004672,0.20459080885599434,-0.9046833894948861,-0.594623680980683
-0.07662063834370453,-0.42293635271266994,-0.14546306326767594,0.7094400797567819
-1.0414003212922456,-0.43621333944284196,0.4274958372163282,0.5681257231773796
1.0500887004025155,-0.330343596215695,-0.16246661182075545,0.7069619737140592
1.8628254985530321,-0.3803091709750134,-0.26013375792011734,1.2269999563043068
1.3870882571603538,-0.824405212175017,0.35414221956096137,1.1780130244733082
1.8420130910173729,1.0106827197191293,-0.9673535453778609,0.12372030392972716
0.141660453439226,-0.11859566706349298,-0.9179281131608757,0.5371350179177593
0.27416845453683253,1.1801445521291594,-0.847920288069217,0.21173381100221159
1.3083661153349182,1.588939984836097,-1.1816688649069729,-1.389247316885076
-0.591529427882334,1.4173843633448748,0.154871429352799,-2.1187307958830828
0.5554693759505039,0.006491345141917803,0.3761090783240659,0.772662939918315
0.6611458668271808,-0.749282086189343,0.3796625407710386,0.5259787474836449
0.9246527062499937,-1.0504668913604973,0.5344689015290934,0.1757844970362148
0.03366757319095811,-0.14271307790757884,0.5807331366341614,0.06483053441156228
-0.9687850241737319,-0.06270500691231727,-0.5373245957723214,-0.04920068948857956
0.6425445582371314,-1.063046511243466,0.4957038566530268,0.2737152215214522
-1.6413451685343288,-2.5113406811790076,3.600553206911238,-0.7756164936948214
-1.793138865990864,-1.2618551615818172,2.183183179198572,0.4069769317724713
-0.08561595040338313,-0.18708620957261649,-0.4659507643374107,0.5699851175605382
-1.0271861137847549,0.2930027413489116,-0.6644554834206414,-0.7979530007723609
1.2704264651729493,0.6535903690009832,-0.8022559881824693,0.5799022391084538
-0.38350362358999296,-0.8502567531694127,0.5303155038638006,1.1346341856210058
-0.8531761364461419,-1.421185756502208,0.765582407171168,0.36606661247916694
0.5317088364873654,-1.1116089096104693,1.6197055626071728,-0.3274963120040161
-0.7357422146682074,0.2496748156848883,-0.8716638780558079,-0.4979439926214622
-0.6392259908519135,-1.1290852942800969,1.1467720151191583,0.7311342924247954
1.3056987578767223,-0.9701092926718433,0.3128389872227712,0.5588287512615866
0.8850284092723224,-0.12384702516228922,-0.19884345303927886,0.9957931418424637
-0.1769318800804552,0.3261825441274796,-1.3957765145528205,-1.471067955471685
0.16007574894337487,0.5969736368297167,0.12402091447226245,0.4745328825773725
0.8189060217559959,-0.1937255472074933,0.6095992504079468,0.4311492504832075
-0.7000838570691693,-0.6790557249903278,0.6349119017347595,0.7013826401865365
0.6984186776246006,-1.0780745135197638,1.0243852305818615,0.6703943315478473
-1.124825435478184,0.2479187345200175,-0.56362021787992,-0.9405040137521935
0.8390164931184455,1.526751072045529,-1.073911269924097,-1.3396372636120006
-1.5533925660311898,0.679441909995379,-0.22158099781360993,-1.799548820283653
-0.439816453085718,-0.19547318567445607,-0.46061364833750945,0.3146255408147566
0.7370953607684391,0.9655987128902352,-0.444599992894658,-0.7018485014365962
1.0727963356058399,0.8240990959516092,-0.6257135129760484,0.3815631634194426
-0.7656797924555888,-1.3747171472163968,1.059389143127691,0.6356864672241429
0.10174485294967286,-0.31462008448573325,0.9605382786937205,-0.08021296433657944
0.8326288739422399,-0.20805111701784298,-0.038100041063002583,1.1488701139515405
-0.8420855449094331,1.6878208627349744,-0.44123804822891816,-3.205885982633448
1.4682320787833614,1.413196785182491,-1.3212461008922871,-1.5534637830817495
1.2564930321347427,1.4079454270836946,-1.2561992785675062,-1.3848854667905353
0.7335505830937316,0.07217553486641126,0.2806040064538037,0.9480716258630686
-1.0629848586184347,-1.8841495389870828,1.912104758243791,0.4330090283257151
0.11083141671186868,0.9229799738504868,-0.0824029494927932,0.30904620728723387
1.1056469485120404,-0.06199582028804254,-0.11205359393668954,1.2387433988665324
-2.436077303842024,1.1752477873425005,-0.29433929513695145,-1.3197932423027703
-0.03629791487368991,-1.0578120385404857,0.7070656489534861,0.09335032349125308
-0.47373751865606273,1.3810469915487027,-0.07548062005063845,-1.937785915587566
-0.19796785428728145,-0.6056717947737087,1.5746181235072716,0.7360952977521029
0.1626518546990534,1.4753856979730589,-0.6749312753097689,-1.3656645669233822
-0.8525794906989138,-1.9096633720651572,1.886215246130132,0.5055259844579238
-0.33810239190680824,-0.3219574643836462,-0.3981373176789151,1.0670494753649318
0.7279701905167169,-0.10986591742658727,0.5577971517491552,0.6276290276538975
-0.8692504748126373,-0.09833319208421476,-0.30501583457990156,0.04436339166025479
1.2714091758154429,-0.23775083971872005,-0.011818263614288274,0.8805108818163053
-1.100433153459157,-0.029846026654254443,-0.15495357693287015,0.5234992034683635
-0.6895899112796886,-1.1661149673047277,1.193036250224226,0.6511782249225564
0.20594025850087783,-0.1193048536877677,-0.8785631330664888,0.8520006792203388
1.2940466174014462,-0.7775820095770682,0.12995104336104174,0.8904280992290583
-0.7911249787344299,0.159169094110779,-0.5145893584411377,-0.5605437313409181
0.08745343246312923,0.5134753545192744,-1.55079054519414,-2.3586325510828354
0.7769302385980732,-1.1185994634783203,1.1185058365636926,0.5687454893501535
-0.8973279217410137,-1.4701027481813487,0.9441323579158136,0.34127596556821554
-0.3184236112908824,-1.039981060558721,0.1113530515931192,0.9276140695954854
1.371294693263142,-1.2010677366439826,0.5475059553118184,0.22970846798521002
-0.8330305682750317,-1.771996739976778,1.7646129922629463,1.0181056827106925
-0.3994796908922391,1.1675649322461907,0.16474728602360642,-1.6359075431104355
0.7493792437996039,0.28775138325011523,-0.20616035525963644,0.3722642742069048
0.4710264543134118,-1.3918389385738867,1.5327149559507613,0.13673874882728015
-1.5189625967352685,0.3765010236593538,-0.4175129177875064,-0.4793462141963867
-0.5309523361343618,0.06587728222701901,-0.9446021559446454,-0.04426365037058267
0.1931509814250023,0.272385673057496,-1.263721543227981,-0.25310519830371336
1.5017144342454505,0.04492250601928209,-0.41019832301029613,1.1606614889323872
-0.15748824808255452,1.3405220415901462,-0.3123304293571118,-0.20603556321756822
1.3279852313761213,1.2919427578273266,-1.4851437876510387,-1.9427229547055629
0.9392529786527495,0.2199734044444297,-0.16127827859985222,0.7751410459610376
-0.9668196028887455,-1.8810088553652946,1.782611048812549,0.18446505804853747
-0.4266060143059168,1.6126977367493007,-0.43471259900811354,-2.8116897718916376
1.2211856426223093,0.19655336044754732,-0.13360049804697,0.8575752195059994
-1.5451097191873189,0.3160513066378405,-0.48631625755623015,-1.3563656777108444
-1.502467096664847,-2.467658162202847,3.270773432286984,-0.0467082037202704
-0.3826577905012756,-0.7786289041176643,0.5085563149839608,1.045379228906229
-0.33660375817700616,-0.34746369903360347,-0.45310061344962405,0.7683250560330847
0.7500811799728132,-1.0497745901320388,1.0332919611307674,0.6046943239919639
-0.09442524937716124,-0.8726130172298829,-0.03060085083400157,1.217701067091769
0.6909079605712598,-0.031602107819125216,0.35158095766736414,0.9108808622547795
0.9013835221081018,0.6759466330614534,-0.8625494776236374,0.24830145316842356
-0.3514567276021173,-0.06620028384624276,-0.6767080065332554,0.028258099003488194
0.014409954278957932,0.2618998422557195,-1.3876773891054994,-1.3706495384600004
0.2220145968673733,1.1074698085368149,-0.6709855475277408,-0.22401022020056666
-1.7498294041038434,-2.4306284891782157,3.2152332757294295,-0.15086534938441848
-0.16868588488567765,-0.5763249768453875,1.6078453048296144,0.929473847437993
0.10811492372154827,-0.01343342192103911,-1.0853792623665999,0.49746854488767844
1.0397351418476766,-0.11162199859145804,0.14596469880389312,1.5672721960971217
1.2110426649194335,0.7755198121887897,-0.90902138261197,0.09582842953397579
1.3902118731311355,-0.24508754420080034,0.12323638380215156,1.142686831949389
-0.8175879724644247,-1.4519340622832628,0.8695788698238066,0.41131481565770156
-0.04021822840106448,-0.4732497666257993,-0.09525540782372727,0.9920783793993109
1.0818864090489018,0.8464553600120795,-0.5033198061093097,0.34251262196864585
1.029837841805424,-1.1811429695810256,0.5044029173186678,0.01958233123302763
0.4026578710428152,-1.1004307775802342,1.479320721520274,-0.17502328836956832
-0.6226252003555109,-0.6290918387705912,-0.3837042607920224,0.5098638683431541
0.5032102278550634,1.007525150701525,-0.40288142078993855,-0.8531232146055105
1.0647240696139317,-0.1179033658350343,0.05422075926386837,1.2090252993213084
-2.0786865012524522,1.2318476341179507,-0.43728309067430043,-2.297279055247534
0.5147570779043581,0.9883095702628429,-0.3123304293571118,-0.9237755996533495
1.1430250497354415,1.3639252001912128,-1.2890111201233199,-1.525615047862757
1.2714091758154429,-0.7206275694894804,0.17838427502465143,1.062112436246935
-0.2347001742313299,1.2685395992262607,0.14379570224535132,-1.5317983298649087
-0.8177634565077272,0.28670448870951926,-0.7595452155243743,-1.277660646334622
1.1724010785842554,0.9114472485081143,-0.7358246999692571,0.11318475831675903
-0.24538364278757716,-0.41454937661083036,-0.44479612556218573,0.9945564854420337
1.8104259632229494,1.4614045902373567,-1.359411210550034,-1.5119543085556786
0.04842578123268599,-0.3097214623055346,-0.061243695831273426,0.29787795374846415
-0.5815619342227604,-0.010292738299250998,-0.6893758694123986,-0.11242354965011254
1.2847459631064218,0.6085063621720891,-0.7682442761900155,0.6803115489606002
1.0973991984768299,-0.08470667766065017,-0.04996029884056114,1.3608752015136787
-0.22785980622340418,1.0508530763655484,0.08705567525115593,-1.2950121818755431
1.687867907380586,1.4739842101203253,-1.2979178506722258,-1.484057640918065
1.749989258709619,1.407607719167373,-1.29021099055996,-1.2057620184026285
1.2993813323178378,0.727666600446061,-0.9084214473936498,0.47329622617694217
-0.32713814888127724,-0.006088274741050748,-0.8663106099538749,0.24086713504025542
-1.1703459963108143,-1.5983304440085477,2.382269373954944,0.16338917358073912
0.45593482658940954,-0.3642359626977009,0.6190828417436989,0.09211366709082278
1.3797881209589757,-0.829639684877997,0.2003280593562821,0.9437289487359762
1.0810089888323902,0.1853752284173122,-0.10374679860610378,0.7627457225055619
1.7798917396883398,1.4449919855041415,-1.3661258701089243,-1.3601044063633079
-0.22420622844184923,1.2514178078687705,-1.2026204486852283,-2.697035426549418
-0.45837213582450875,-0.31112598952951487,-0.39438080023497246,0.8346443504375555
0.5563116993583553,-0.0019006965786665974,-1.030415966595891,0.6679162255051245
-0.2783184880345627,0.38943523685445974,0.3707558102221329,0.38900227478947286
-0.8723389939747589,0.34261203425651093,-0.5313944668835421,-0.014497618406737304
1.6997306287078253,-0.28212565992333927,-0.3198434642449971,1.1154132857538526
1.2113234393887171,1.3876829521044163,-1.2546302172272845,-1.389247316885076
-0.7851936180708105,-1.456121640445647,1.1985741137779498,1.1272046607346995
0.07381832229853644,0.8936331559221655,-0.2672522200297998,0.3691678399639669
1.4116911200313436,0.11619576175889314,-0.10988459737814768,1.0317424558084607
-1.0230797871714798,-1.5389445069234466,1.2302091593285973,0.2842507671344203
0.6528630199833099,1.2206695020877159,-1.0958550542557275,-0.05538397149073096
0.4874868575751726,-1.398829492441738,1.5099635665175457,0.36668494067938207
1.542567119526238,1.0047390603918744,-0.9129671103939982,-0.018236347059200984
-1.2453829732269002,-1.7625578037155976,2.0611886599963314,1.032983905450753
-1.6375898100076585,0.5246534865495095,-0.4614051013370625,-1.9830341187661007
-0.425574168131299,0.24023587942370792,-1.1051540501396888,-0.9187906281167314
-0.7758929637757858,-0.16123129149905752,1.29742497821192,0.5805220052812277
-0.9541496549623156,-1.225517789785645,0.9913657191427832,0.9902186015568033
-1.4705290007838188,-1.70560336362801,2.029553614445684,0.7497320708498711
-0.8110248692449168,-1.4176904795682828,0.770935675273101,0.556968973419079
1.6180603549549104,-0.394982579939174,-0.23146608425700693,1.0974386287708542
-0.9164556824609702,-1.3942873209672164,1.0445522836900056,0.46771689264941946
-0.7421649306530735,-1.4557839325293258,1.2996170492019359,1.205909692110922
-1.1744874197327497,-1.9047666072784983,1.9057823640199563,0.27867622684875976
1.5978094963578187,1.104666832831348,-0.9345186293905734,-0.04733132516234771
-1.0102343552017476,-0.03055521327852918,-0.5521545328805643,-0.14218958161395792
1.5782254771252764,-0.2587157471639465,-0.29987485124752794,0.7286561863820727
1.1667504923899197,-1.221330211623261,0.534861166864149,-0.03309539683181296
-1.2494191062228543,-1.506440119977521,2.280257312409056,0.5272182798291926
0.8920126741957561,1.2073975809762887,-1.017563508264957,0.06981550594818049
1.159099388101937,1.3139613139714759,-1.2484924184552404,-1.0378068235534914
1.3813323805400366,1.3275878283950402,-1.26173714212123,-0.9485566600805768
-1.855927056684446,-1.3023969969361897,2.186136706427225,0.1733063909934921
1.531581818415511,0.874062982171346,-0.808578382406304,0.399537820402441
-1.2546836275219249,-2.506798509704486,3.2695966362818183,0.25016123101093113
0.5147921747130186,-0.1409654394406161,0.6273896370742845,0.9573657218337444
1.0697078164437186,1.332484593181699,-1.2140884411277313,-1.080562540963717
-0.23891530095145241,-0.3355848230770016,0.7843649943908811,0.6412610075098035
0.4239616338997209,0.2936950425773702,-0.02563984806712396,0.39271703723262585
-0.6421741227793929,0.2549092883878685,-0.6692088163042543,-0.3888498078393172
-1.3865423376593127,0.18014075571433197,-0.31213198924643665,-0.012005132638428149
1.7567278459724294,1.292989652367923,-1.4881203893111652,-1.311740595974387
1.259581551296864,-0.7615071127601742,0.22801737712490114,0.742911287680056
-0.6430164461872443,-0.6290918387705912,0.2325630401252495,0.8544787852630615
0.07803695869952501,0.5693829000662661,-0.10157780204756199,0.36544828427895176
-0.6508079377098687,1.662323915052716,-0.36116492538405165,-2.8370939537609416
-1.6949379953588675,0.5319986337294978,-0.4975858098880582,-2.05550793572155
-1.2767244233607005,-0.32964454082890987,-0.12272551849334483,0.5891992110242469
-0.9123142590390347,-0.03649887260578414,-0.33743956419832505,-0.23699990564694678
1.6105145410929091,1.0581982235455367,-1.0519674855924661,-0.2549745626299452
1.061319679173866,1.3024285886291034,-1.2734128044469977,-1.1555767761060969
0.38093294648198395,0.6560218659984967,-0.32597249473308093,0.5544899087279839
-1.7232962167565278,-2.50575161516389,3.594046217235613,-0.8872031642452756
0.08108336169125382,-0.3132223114200794,-0.3912172956799077,0.6796932207603851
-1.5795396884832402,0.11584116844675578,-0.16424565048738923,0.03818010965810328
0.18757760820971964,0.3433043354849697,-1.4857437228693589,-1.413405255870226
-0.449141675146805,0.22346868137835516,-1.042668489708505,-0.8413318396246636
0.08642158628851142,0.39012753808291845,-1.402121983208129,-1.417767105964767
-1.4913765051281382,0.5623923461984153,-0.497980382666261,-2.0357118468309414
0.9818956011752212,1.0180109815033016,-1.1634862129055799,-0.01512073984881462
0.2626917981048587,1.1102558988464657,-0.8224230412906135,0.13426064278455746
1.0270651939212467,1.3496063845391892,-1.2295021613522625,-1.212568421846857
0.8834841496912618,0.07426932394760334,-0.03731551039289169,0.5495313000216074
-0.04668306055632315,0.8988676286251457,-0.4204779822318959,0.00036143136587466466
0.5300592864803233,0.7744729176481936,-0.3265655076219589,0.845803017492601
0.3202505643080304,-0.26570292395263434,-0.7813044044042141,1.2027940849005356
-0.28656623806977327,-0.48234086373316876,1.5099635665175457,0.8048926981992967
-0.656353233478223,-0.6200074958215481,0.5811254019692168,0.8315431229527557
0.25486520977357374,1.202855409501767,-0.8279609048443374,0.02701185611933367
-1.0811650055045585,1.4062062313146397,-0.6549718920848894,-2.054932746698094
0.2359831267142406,0.951279897238212,-0.2530176032535822,-0.8865800428031982
1.0577749014991584,0.19272037559730051,-0.1108537235000494,0.8290650169100329
-1.5632196724561214,-2.466965860974388,3.2563519126158282,0.10884687443152874
0.11176850150310322,0.018007185088474216,-1.0654198791417202,0.46895834229171185
1.4645118170653517,-0.9938670445850469,0.28870313190112484,0.7205987468118273
-0.8553872353917514,-0.38904398623066394,-0.040269037621544435,1.3602520800716016
-1.4052489366753436,-2.414891300277643,3.0874932230901995,0.34189429376843067
1.0820267962835437,1.4149359809515454,-1.3344908245582767,-1.8187697201508057
-0.865565309903288,-0.5434828819831408,-0.08060314383783299,0.7422929594798409
0.20551909679695216,1.2325568207422255,-0.49106036066725356,-0.2537283197457907
-0.45837213582450875,-0.026367635116145028,-0.8546580220595811,0.19314082581899805
-0.046261898852397496,-0.27618537767524753,-0.7526228860822194,0.8017962639563587
-0.9586069496621955,-1.1881335234488768,0.9512392828097592,1.0069518088975091
-1.599369385376406,0.334574585848064,-0.4985733955551388,-1.4363648843898427
-0.4884957266977906,-1.4390167344839728,0.8025707208237483,0.7249366306970576
-0.9521842336773294,-0.3572470973694316,-0.03987677228648898,1.2269999563043068
-0.463243572866582,0.16860803037195943,-1.073126739253986,-0.009560579288740424
-2.6233889716629553,1.2479225309348447,-0.288012286026822,-1.677464950055128
-1.1341962833905295,0.026753820121195985,-0.44558757856173875,-0.4452662645566215
-1.3294398299687273,-0.2454370718941929,0.2629982152392567,0.3859010473046729
-1.0525962032549354,-1.4676543657880194,1.392330114863862,0.9065429783695492
0.7938819971810804,0.8422677818496953,-0.44084347545071534,0.7825801573310679
-1.1747681942020336,0.37894940605268324,-0.4532990535602992,-1.3656645669233822
0.4606728957585731,0.5054379061108275,0.13389677114307,0.8674924369187523
1.2050060138298324,-0.7510212819583977,0.09614700125185252,0.6183301384413596
1.1085599836308595,0.203206206399077,-0.17966629304136272,0.8377455779223556
1.6134275762117283,-1.1448055977848535,0.4603307532036158,0.4534617913514362
-0.9870353646771766,-0.5487173546861209,-0.0877331431632524,0.6443622349946034
-0.7366196348847192,-0.356198514289254,-0.019317453843289284,0.5792824729356801
-0.1111523883847415,0.2384966836546532,-1.1393503575839334,-0.7967067578882062
1.9862258778032462,0.19550646590695123,-0.6539796915315138,1.264770702177914
0.7643304842889642,1.0466654982031642,-0.4022884079010606,-0.27668794826540727
-0.2859555535990811,1.1113027933870616,0.15111029702256148,-1.2256060397118587
-1.9234182197385308,-1.2852752055786996,2.2466378657516577,0.3803217137771502
1.645576252944719,1.1392650088584655,-1.1304667014665015,-0.1744001669274911
-0.846402452374671,0.23988128611157056,-0.6610866164254593,-0.6702610375651402
-0.236198807961132,-0.6067186893143048,0.14478790279872678,1.1625308532586192
-1.5565863756192928,-2.5847077259998104,3.7310621913273296,-1.0241460842464125
-1.0713729958882874,-1.4631121943134977,1.0866631211297808,0.2687590094360068
0.9338480701190369,-0.7981990778684838,0.16513955135866185,0.6741138872328625
0.0958415697329817,-1.2339098315062293,1.5758179939439116,-0.8090733218925092
1.240102822490303,0.3565931419922129,-0.18500571648441141,0.7286561863820727
-0.42801339633320173,1.3097737358090915,-1.2216107057882062,-3.02925502001385
0.6601631561846877,1.4953104650360158,-1.1621017470171489,-1.7177281816970442
-1.6560507313630661,1.133675942843348,0.37650134365912136,0.12805818781495742
1.5421108610136522,-0.16996610675470802,0.029900308490431245,1.1365035499472376
0.7141069510958309,-0.0703878620086269,0.04729842982171358,0.765846949990362
0.08712703214258685,0.08720353714270926,0.7847572597259368,0.8309247947525404
1.0639870366320618,1.4991434498862624,-1.1340201639134742,-1.4022370023314563
-1.0811650055045585,1.4062062313146397,-0.6549718920848894,-2.054932746698094
0.048050245380018945,0.9827205042477255,0.015663384271066217,-0.9776995706023448
1.5040659204257019,1.3855891630232242,-1.258968210344368,-1.282022496429163
-0.2740085999310569,-0.3708736117929962,-0.4582415967819977,0.8674924369187523
-0.9314771165676516,-0.34571774910622227,-0.21861593336922028,0.5941578197306233
-0.42801339633320173,1.3097737358090915,-1.2216107057882062,-3.02925502001385
-0.33018455187300605,0.17873926786159852,-0.7656830142964182,-0.516541771046538
0.5963922548486127,-0.6500466149783279,0.24225430134426618,0.537754784090533
-0.6588451068931166,0.05645523136165464,-0.4568571308935668,-0.2320628665289499
-0.3099898481697713,-0.5364923281152898,1.2871568562060571,0.37412405204941235
0.45382901806978126,-1.0602604209338151,1.5493054721804589,-0.29897652292432525
-0.13593635078841937,0.8314273577357815,-0.10077019694597725,0.12000074824471202
-1.0990643779213984,1.7542142390837427,-0.19172729837274372,-3.530052929769496
1.1068051431978359,-0.8282550824210798,0.3003787942268925,0.6846494328458305
-2.5945393949440487,1.2129866469914061,-0.29750279969201626,-1.62416410054821
-0.23868366201429334,0.02150246202239973,-0.9177204432776112,0.1813638305637375
0.8617592251304305,-0.23006291900366554,0.7114267165020437,0.4503605638666362
1.3595723591705446,1.0802167796896855,-0.9898741904963377,-0.11985307453641858
0.38402146564410533,-1.2489378337825274,1.649563876934334,-0.2580901698403316
-0.9734528997255745,1.78460795155266,-0.18540028926261423,-3.067696819748156
-0.07821403345688988,-0.3834532316759647,1.4350408875219571,1.0032322532124942
-0.9675566358706154,1.639258464367971,0.0728187510317909,-2.0090614220774823
1.0649346504658945,0.8544928084205266,-0.5917018009835945,0.21669481632951917
1.1580113870334623,-0.9613626576391215,0.42691897642948196,0.5644068385462252
1.1475174412439817,0.8754644700240795,-0.7749820101803794,0.5055259844579238
-0.39601212619658466,1.1493962463481047,0.07715674414887459,-1.5076403908797589
1.2492981863593462,-1.0599058276216777,0.5129173825325182,0.5148200804285995
-0.6469121919485565,-1.5057478187490625,0.9547927452567322,0.7175023125688895
-1.5633600596907633,-1.707697152709202,2.549143662373822,-0.15642550994449267
0.14049172971083232,0.9676925019714274,-0.1978558673721981,0.12372030392972716
-0.4866706926474461,0.029202202514525426,-0.8823242653967263,-0.005821850636276742
0.9520282170051607,0.6780404221426456,-0.46654377722628865,-0.14899598505818665
1.2884662248244314,-1.117197975625587,0.42493457532273093,0.3313587481554625
-0.6860100367963208,-1.4264371146010046,0.9787209306951139,0.516061530070892
-0.42505824504399004,0.26889039612357046,-1.1522028159148674,-1.1376021191230987
0.7452027235690077,0.2618998422557195,0.12104431281213586,0.6958080999008759
-1.206881774126364,-2.371917967925757,2.410743222393674,-0.46817796065761685
0.880746598615745,0.9456908312230945,-0.5733091716557893,0.14355473875523317
1.614234802810919,1.079507593065411,-0.9536934819453422,0.071636937855791
-0.5929333002287528,-0.5543064207012386,0.3148003138980483,0.7813387076887756
0.832032228195012,1.2287069504961627,-1.124721168029513,0.07724503083448653
-0.5222834243952257,-0.17136421752827824,-0.73937816241623,0.3431357434107231
-0.7735063807868737,-2.1235000246798066,2.0099864965558596,0.08592079860494709
1.1350580741695147,0.420875843863973,-0.21881206603674802,0.7292745145822879
2.243450388475835,0.5756642673098424,-0.9345186293905734,0.8290650169100329
0.18064247881841067,-0.40197144526744344,1.3112696370962296,0.24334524108297814
1.3196672877235898,-0.8572473070372637,0.2483690256848362,0.6716357811901397
-0.018538929691491804,-0.18568134464071986,-0.1731316140479686,0.3542944104657685
0.4108354274607048,-1.1137195840874774,1.6179288313836864,-0.4490049932090852
0.14489286951685534,0.28251691054713507,-1.1856145926890012,-0.10187841755342014
1.0853609931062884,-0.18394214887166516,0.042752766821365314,0.8761729979310751
1.2272573905205708,-0.06724717838683879,0.06924221415334429,0.9976529196849714
0.6068160070207724,-1.467316657871698,1.5331072212858166,0.5284578121747401
-1.4567710517889145,-1.7422953287363194,2.5048407539440314,0.10946520263174389
-0.3966193009864108,-0.603932599004654,-0.4273980042309034,0.5080040905006465
1.6426281210172395,-0.389743041617449,-0.2027984105938966,1.1036219107730056
-0.5866860682871892,-1.410007624471973,0.7632057407293615,0.5513905985399288
-0.14123070437485136,-0.4830331649616274,-0.024255382178693,0.9381544084503156
-0.05750691634721226,0.5365408052040195,-1.5363690255229843,-2.4961985925260497
-0.9664686348021407,0.22905774739347273,-0.5786416727693959,-0.7341070191687505
-1.6244285067599822,-1.6870800844177865,2.4508696587266976,-0.2004274702388727
0.4395095201363093,1.171752510408575,-0.639535097428884,-0.09694137843542326
-1.3171559469375624,-0.3100777441572536,0.33556730222451275,0.35181151118118364
-1.4147952686309917,-2.61196075484694,3.7144486006661586,-0.6275053201549148
-0.9424624176783789,1.6417068467613005,0.24975349157326723,-1.0018575095874946
0.5664546770612314,0.03723965092297242,0.15427149413447885,0.5272182798291926
-1.0159551350134042,0.1612628831919711,-0.4922463864450094,-0.8022669184482805
0.3967616071878562,-0.15424242617078815,-0.8024636580657339,0.8811292100165204
0.20909897128032015,1.3436627252119342,-0.6636709527505306,-0.28843139082763297
-0.9640469550045684,0.04632399387201553,-0.455869545226486,-0.23637678420486957
-1.0946772768388398,-0.3219574643836462,-0.20556734237075852,0.5966368844217185
0.20386954678991007,1.1221432175009753,-0.7336557034107154,-0.4304072147840096
0.4377546797032858,0.40480094704707903,-1.395384249217765,-0.579764631208071
0.2762742630564608,0.04875549086952887,-1.0851715924833354,0.6288656840543277
1.300223655725689,-0.2223766868281927,-0.09564767315878271,1.4433189615423647
0.9964607767693164,-0.004349078971996039,0.14042683525016927,0.8612947751910145
1.4801649937279218,-1.1210478458716497,0.44943962154795886,0.44664100818162106
-0.49055941904702627,1.2835676015025583,0.05145182748700646,-1.763599506317656
-0.3155667310659201,0.08929732622390134,-1.0357461602663502,0.06732302017987143
1.2297141671268037,1.4823762518409096,-1.2073737815688412,-1.5001629335748317
0.9672953287724654,-0.8820519534910634,0.29227966877957146,0.47019499869214215
-2.2161607007755157,0.9876172690343843,-0.21960351903630104,-0.830163586085894
0.6893987977988596,-0.26570292395263434,0.7707280053898363,1.2560949344074537
-0.8056550575198648,-0.4487912707862289,0.2377086383439179,0.6139917752319431
-0.13457775332517255,0.7318541786084451,0.06351975514782963,0.22165102841496456
0.9870548320483103,0.8139678584619701,-0.4942238652223183,0.9840161465872033
-0.3471433298177454,0.23709519580191976,-1.111268774480259,-0.7731240079265124
1.6094967336417556,1.1462386773305004,-1.025662633712278,-0.0467082037202704
0.07353754782925266,0.2227594947540804,0.642803357298816,0.8774096543315053
-1.6297632216763738,-2.411750616655855,3.1064834801931775,-0.0981876213195779
-0.18419376076039318,-0.23914895049229024,-0.42364148678696073,0.5011881005726936
-0.018538929691491804,-0.18568134464071986,-0.1731316140479686,0.3542944104657685
0.9127548881140942,-0.7433384268620882,0.1870833356902925,0.7125413072415818
-1.6290963823118247,0.4928582862278588,-0.46120666122638737,-1.932800944050948
-1.6844089527607262,0.7192745587254767,-0.21584700159235837,-2.0530633823718625
-0.018538929691491804,-0.18568134464071986,-0.1731316140479686,0.3542944104657685
-0.8590022066837799,0.3170982011784365,-0.7951490632885237,-1.2981277890859295
-0.7912653659690719,-1.4676543657880194,0.9138817782535973,0.5947775859033971
-0.07310744779679143,-0.39358615770518546,-0.4410396081182431,1.1433099533914661
1.3231769685896368,-0.2671010347262045,-0.12608746315908467,1.0336022336509683
1.044683791868803,0.6071048743193557,-0.9299729663902251,0.13611562738520286
0.022141781226859593,1.4208796402788004,-0.600977722436082,-1.357611920594999
-0.2742893744003407,0.23359991886799425,-1.1336278985784187,-0.9584786707351918
1.34279608463084,1.601874198031203,-1.2925876570017665,-1.515693037208142
1.2759015673239829,-0.801339761490272,0.15960168780493802,0.8073708042420193
-1.9911199636445782,0.8132586718376954,-0.3937877873460945,-2.721193365534568
1.2518251565829002,-0.15284431539721793,-0.0780418819442357,1.3769804941704453
1.4789015086161446,1.4729373155797294,-1.4058600411068927,-1.4487314483941458
0.030491312007185526,-0.8565550058088051,0.36503335121661823,0.09521968781748491
-2.0123886296928233,0.9425501476013063,-0.34099833376453687,-2.9790697777173185
0.5186879204743309,1.1923695786999906,-0.8874698636153947,0.20491782107425857
0.8648828411012124,-0.18603931503202048,0.18055327158319323,1.461868807548819
-0.9905801423518841,-0.43796097790980476,0.34763522988533585,0.9325750749227929
1.4517716755216008,-1.0578120385404857,0.38520040432476244,0.5693653034553458
-0.40477228963823814,-1.4466995895802826,0.9998801843566335,0.866255780518322
0.3871099848062268,1.244072660688782,-0.8720561433908632,0.2148350384870116
1.2314690075598271,-0.8610971772833266,0.3830083333347469,1.0881397395583163
1.3020486897760335,-0.92678136700782,0.5354611020824691,1.3484607050907544
-1.1315289259323338,-0.006088274741050748,1.2155799697741767,0.3759838298919199
1.1812103775580334,1.454430921765322,-1.307793707343033,-1.8162772343824969
0.16864989929912785,0.2580499720096566,-1.2836809264528606,-0.23513054132071495
0.10703745169567182,0.5138299478314118,-1.455100877872087,-2.1484968278469285
1.2662499449423534,-0.2185335707404563,-0.11066912804825857,1.0974386287708542
0.18710731097366934,1.1116573866991992,-0.6618942215270441,-0.13533524575110786
-0.460105918172336,0.24442345758609207,-1.1964826499131842,-1.0117795202421098
1.1987236850796084,1.4089923216242906,-1.2376243612310576,-1.456784094722529
0.3043868067934977,0.1294676828703204,0.11610638447673215,0.47639266041988
-0.656423427095544,-0.5473327522292036,0.14003456991511384,0.7689433842332998
1.3389003388695275,-0.05535985973232892,-0.45942762255975356,1.0243081376802925
1.1320748454333747,0.6546372635415791,-0.7437392299647875,0.4534617913514362
-0.4934162992719886,-1.3890359628684201,0.9449168885859246,1.062112436246935
1.1143509570598369,0.8523990193393344,-0.6160222517570317,0.702624089828829
-1.0883949480886155,-2.0703785694424655,1.7551294009271943,-0.2630272089583285
0.024437112513254363,-0.19512365798106351,-0.61996797953906,0.7590261668205468
-1.1871222708505191,-1.7024626800062217,2.0206468838967777,1.1247121749663906
-0.016791108620200376,0.8087165003631739,-0.4248275125647165,0.29665088383175814
-1.7328074519035153,-1.2870144013477542,2.164192922095594,0.31400241937267925
0.5824588218104059,-1.455429339217188,1.6050763730527524,0.27867622684875976
1.673618603064435,-0.250328771062107,-0.3063979930251851,1.1327648212947738
-0.16868588488567765,-0.40022380680048064,1.433841017085317,0.7844399351735756
-1.0743913214330878,-0.2751367945950699,0.06647328237648238,1.0336022336509683
0.9730512053927826,1.161621272918936,-1.0177711781482217,0.1925224976187829
0.4443879765401147,0.18572982172944957,0.3223225785585232,0.6201899162838672
0.45972528192474027,0.31640589994997786,-1.273805069782053,-0.2574670483982543
-0.25864321709950294,0.14240189606542633,-0.9883051291561159,0.25264413029551597
0.1145341300255483,-0.25626905331019867,-0.7287177750753117,0.9691427170890049
1.1621879072640584,-0.17136421752827824,-0.12668047604796262,1.0503210612660878
-0.2468366506661206,0.2461795387509628,-1.1684241412409837,-0.9132304675566573
0.10895724712939954,1.5805648285113287,-0.6668321498624479,-1.3848854667905353
-0.16451603304872717,-0.04803159794815665,-0.6729468742030179,0.20243971503153588
-0.36747842075562204,-0.32090938786534307,-0.42126943523144905,0.8079939256840967
1.31296379726944,0.257357670781198,-0.6765234110814645,0.8569568913057842
0.2955073142023986,1.1832852357509474,-0.7014207226417479,-0.29341636236425117
-0.8323286321018225,-0.04033185745603092,-0.3372418163205942,0.029504341887642716
-0.1484458010088449,0.2957888316585623,-1.3647414042204933,-1.546657379637521
-0.9695571539642621,-1.9861711005077487,1.6078453048296144,-0.33061191921440247
-2.009966949895251,-1.174507009025312,2.0364759438878384,0.03137370621387456
1.0540546397811488,-0.1937255472074933,0.13765790347330736,1.4742833039717433
1.0268195162606235,1.4432359043392706,-1.2085505775740075,-1.2057620184026285
-1.3378630640472402,-2.631176335285622,3.7887944188749003,-0.40682446482231577
0.04842578123268599,-0.3097214623055346,-0.061243695831273426,0.29787795374846415
0.3571022134015245,0.30347168675487196,-1.2836809264528606,-0.19798291688918496
0.9438506605872712,-0.8352287508931148,0.09653926658690797,0.3877608251471804
-0.44356479225065615,-0.2988967416097297,-0.33546254690964566,0.45655822559437403
0.7655939694007412,1.0466654982031642,-1.207558377020632,-0.059122700143194644
0.2453539746265862,0.36392140377638527,0.4361948978819694,0.9716208231317277
1.121370318791931,-0.1395673286670459,-0.1889583665958818,0.8712119926037676
-0.7371460870146263,-1.5134306738453722,1.4733905926314947,1.0311241276082455
0.030480782964587394,-0.8565550058088051,0.36503335121661823,0.09521010133376064
-0.9642224390478707,0.3136198096403271,-0.508656922109211,-0.030602911063503904
0.04224172354671109,-0.8900894018995105,0.04552169859822723,1.0949461430025451
-0.14577539012829568,1.1623135741473944,-0.025062987280277737,-1.3340771030519265
0.0004484437938227545,0.6298326170877795,0.12125198269540054,0.37350572384919717
-1.2017576400619352,-1.4243264401239961,1.6485716763809586,1.439580232889901
1.3303016207477123,-0.11440808890110882,-0.18124919904046877,1.0280229001234455
-0.587879359781645,-0.5955405572840697,-0.4691142688924755,0.466475443007127
1.4631079447189328,0.6445060260519402,-0.8378367615151449,0.6598587859348791
-1.8872685068182462,0.2517686047660804,-0.1025700026009375,-0.12483804607303679
0.8412977856813761,0.7664354692397466,-0.5175544228855273,0.2861105449769279
-0.7989866638743753,-1.7656984873373858,1.424172830297774,0.2476831249682084
1.0168520226010498,-0.15144789316322935,0.0168632547077064,0.755929732577609
-1.0276072754886805,1.5767149582652658,0.09870826314544981,-1.0929770373866412
1.1192294134636425,1.157771402672873,-0.9956197239333263,0.3530529608234761
0.8014278110430816,-1.0148218207927837,0.6192905116269635,0.6487001188798337
-1.4129702345806472,-0.2667515070328119,-0.18342281048530537,0.4075952599726864
1.1893177403586022,-0.26640197933941945,0.11670631969505227,1.5529883353479657
-0.7677505041665565,-0.31916225596025477,-0.5226954062179009,0.389620602989688
-0.7827368414645776,-1.4484387853493372,1.1924363150059059,0.9982760411270487
-0.6513694866484363,-0.47255071123901415,0.19638233157425383,0.7565480607778242
-1.1928781474708363,-2.049069199922591,1.6790068514949659,-0.4458893859986988
-0.6940472059795685,-2.019367788682133,1.8708015259056006,-0.02379650761927518
-1.2832875265802084,0.16615964797862998,-0.27338078902925417,0.15471340581027856
-0.7467977093962558,-0.12558622093134394,1.6894826433840933,1.022448359837785
1.1440077603779346,-0.9739422775220901,0.6544790196245835,1.2152085813234599
0.8989618423105293,0.9104003539675183,-0.6282747748696457,0.7212170750120425
-0.5859490353053193,-0.5909983858095481,0.23316297534356953,0.8148099156120496
1.856648460228789,0.6790873166832415,-0.9038757843933014,0.4497422356664211
1.2857988673662355,1.4149359809515454,-1.2552070780141307,-1.4375631948553758
0.367806740042968,0.9841219921004588,-0.991074060932978,0.071636937855791
-0.6060946034764293,0.14589717299935184,-0.541872566215817,-0.40682446482231577
-0.1931911786285914,-0.5721373986830033,1.5050256381821419,0.5538701425552102
-1.5145053020353885,0.5215128029277214,-0.5608535935462055,-1.8677087195631827
0.5437119450492464,1.2584083617366215,-1.1603019413621884,-0.32998879777232526
0.04983316325997084,1.4016640598401182,-0.7382013664110636,-1.5379816118670602
-0.10857628262906296,1.2115851591386726,-0.56362021787992,-0.5989855310752238
1.6486998689155012,1.1584805892971475,-1.0150022463713597,-0.15580238850241535
-0.03629791487368991,-1.0578120385404857,0.7070656489534861,0.09335032349125308
-0.06078495827610021,0.5403737900542661,-1.510664108861116,-2.4937540391763617
-0.2083705483742449,-1.3967357033605456,1.5805482523960508,-0.1620336029231882
-1.6076171354116167,0.897128432856091,-0.3670962079944046,-2.508613088948974
-1.392824666409537,-0.254173575689425,-0.1962752688162394,0.4255699169556848
0.15857360553270675,0.8073150125104405,-0.21901050614742312,0.3555310668661988
-1.8667017769432104,0.8855957075137185,-0.38765921834664013,-2.7683109330393343
1.8775661581904297,0.6364685776434931,-0.9036911889415107,0.5402343281058144
-0.196142820236937,1.4373091304078318,-1.2043971799087145,-2.3654389545270638
-0.46703753788277896,-1.063046511243466,0.15999395313999346,0.8104720317268193
0.1865457620351018,0.6427499448870693,0.16297055480012004,0.5073857623004313
-0.5553446181533889,-0.08680046674184225,1.429110758633178,0.8674924369187523
1.5626775908886879,-0.0354519780651881,-0.34791831192212447,1.3534456766273728
2.1516722338287044,1.35239247484884,-1.3657336047738686,-0.978897881067878
-0.9935633710880241,1.8230391124300245,0.33201383977753995,-2.207405770332542
1.5423565386742755,0.21262825726444137,-0.18955137948475975,0.9542692875908065
-2.5169052541870878,0.8744006900876673,-0.1913304181513935,-3.0701413730978437
-1.9304024846619643,-1.1814975628931632,2.058027462884414,0.15161217832547857
-0.4964627022637174,0.16651424129076733,-0.6326127679867294,-0.18369905614002888
-0.11063646529743258,0.7542104426689155,-0.70538952485525,-0.6188295523844541
-0.7506934551575679,0.16651424129076733,-0.8965611896160912,-0.5586743670146861
1.478024088399633,-0.8750613996232124,0.2515302227967536,0.8321662443948329
-0.5446751883206057,1.5057794104419762,0.13528123703150088,-2.1410673029606224
1.336478659071955,-0.7251697409640019,0.023185648931541125,0.9102625340545643
-0.2566286602823919,0.11270048482496771,-1.0288238308241953,0.25016123101093113
-0.43780189626860694,-1.2744347814647858,0.6655547467320313,0.7212170750120425
0.9232488339035749,-0.8680708457553614,0.835982497597882,0.9635633835614821
1.3100858589592812,-0.8879956128183184,0.492750329424374,1.0887628610003939
-0.03487649412294086,0.2535078005351351,-1.3880696544405549,-1.3557425562687668
0.3492054314529186,1.1102558988464657,-0.832298897961421,-0.3758601223929371
-1.1636425058566642,0.3523886784340127,-0.3914157357905828,0.007838888670802025
-0.24940573706006708,1.0770592106720815,-1.0709577426954442,-0.6442337342537585
0.8061658802122451,0.1790938611737359,-0.22988548570104828,0.8117134813691117
-1.104469286455111,1.6284349256498734,0.1388346994784737,-1.3322077387256945
1.3208956760267063,-0.17974950509053617,-0.1557427224892758,0.9282371910375627
-0.09095768468150674,1.023262339602098,-0.285836367138838,-1.248517735812854
0.5549780206292575,0.7314995852963079,-0.26033219803079244,0.8402236839650783
-1.964972841192528,1.0526091575304193,-0.33763731207605596,-1.5888379080242905
-0.7729448318483063,0.2741248688265507,-0.6280671049863811,-0.5729582277638421
-0.9811391008222174,-0.3233547308874256,0.09831599781039436,1.1117224895200102
-0.5918452991602783,1.531647836832188,0.0977160625920743,-1.5051479051114496
-0.22420622844184923,1.2514178078687705,-1.2026204486852283,-2.697035426549418
1.2439985682516153,1.5774072594937247,-1.2540302820089644,-1.515069915766065
0.9382702680102563,1.3055692722508914,-1.3293452263396084,-1.3514286385928476
1.4513505138176752,0.23359991886799425,-0.833683363849852,0.7094400797567819
1.3725932751835792,0.2566653695527393,-0.15495357693287015,0.8786511039737978
-0.44501780012919967,-0.16961657906131547,-0.7265257040852959,0.4751560040194497
-1.04771774685113,-1.5487211511009484,1.2501685425534768,0.24706479676799326
-0.32479719174362387,0.21124365480752402,-0.7714054733019328,-0.7910986649095109
0.18785838267900337,0.9086442728026475,-0.05254463516563223,-0.6101537846139936
1.4523332244601685,0.9118018418202516,-1.1045541149213687,-0.14899598505818665
1.4042856934039842,1.3639252001912128,-1.4276192299867325,-1.2293447683643224
-0.9030837983613309,-0.33383718461003886,-0.043037969398406345,0.4670985644492043
-1.4873754689408447,0.10432532850019932,-0.1907374052625156,0.046232755986486636
-0.3633089198867582,-0.014480316461635149,-0.8439745602871888,0.19809703790444347
-0.7116658039271246,-1.415242097174953,0.7525453533884432,0.11504453615926659
1.0831849909693392,0.7636493789300959,-0.758368419519208,0.5575887395918528
0.7483965331571106,1.1521823366577553,-1.0387227619264767,-0.05974582158527196
-1.0064088030577563,-1.8673823409417303,1.72704781782352,0.3276391924704474
1.185948446727197,1.407607719167373,-1.2815119298943187,-1.6198022504536689
0.829505257971458,0.052605361115591755,0.0763722134787637,0.7509687272503014
0.8960137103830497,0.9215784859977534,-0.44222563389599895,-0.5078660032760773
-1.4082321654114838,-0.22796744138289185,0.19340572991412724,0.3480919554961685
0.4104142657567792,0.728713494986657,-0.2257320880357554,0.7968352586290512
0.7196171500555248,0.8115194760686406,-0.5308014539946642,0.13177774349997257
-0.671269377158923,-2.082620481409113,1.940578606682521,0.326397742828155
0.6412108795080336,-0.31112598952951487,0.7448384932761775,0.43424568472614533
0.3166706898246624,0.727666600446061,-0.24056202514399838,0.806134147841589
0.2909447290765375,0.44253980669598464,-0.6555487528717354,-0.27232609817086634
-0.2794907214438224,0.20844067910205716,-1.151210615361492,-0.7669407259243609
-0.0848683883789151,1.236052097676151,-1.2073737815688412,-2.2235110629893087
0.35633008361099405,-1.1294398875922342,1.5772024598323426,-0.44339690023038975
-0.3987286191869051,0.19376727013789652,-1.1773077973584156,-0.9405040137521935
-0.778665611659963,-1.6759019523875511,1.2871568562060571,-0.01325137552258278
-0.5661193384121533,1.6378569765152378,-0.31193585657890893,-2.7013972766439593
-1.7263145423013282,-2.549417248744234,3.646032911346196,-0.9758302062761129
0.9655053915307815,0.9156348266704984,-0.5950475935473026,-0.6745749552410598
0.022471691228268014,0.6277219426107713,0.06252755459445412,0.34127596556821554
1.394949942300299,-0.3174152929091247,0.12323638380215156,1.1098531251937784
-1.5189274999266076,0.3387621640104482,-0.42008340945369316,-1.2634247180040874
-1.5533574692225294,0.13716742336244608,-0.2027984105938966,0.011529684904644384
0.16251146746441156,1.007525150701525,-0.9817750650490167,-0.3603300187596265
-1.4157428824648244,-1.4096530311598356,2.0803635125511,0.3325954045558928
0.10806929787028963,-0.24369112196681175,0.15960168780493802,0.7993133646717739
1.076025242002603,0.22870315408133537,-0.29552532091470735,0.48816965567514053
-0.5045595360216879,-0.29120983401842415,-0.4046604594565723,0.786299713016083
0.7916007046181498,0.7108825170048922,-0.4554726650051358,0.2352878015127327
1.0891163516329587,0.8272397795733973,-0.5367315828834435,0.7968352586290512
0.06454223576957405,0.3520509705176914,-1.43869495709418,-1.5392278547512148
0.8918020933437932,1.1794353655048846,-1.1868144631256414,-0.09195640689880505
-0.23380871529135397,0.24163736727644128,-1.055520948039439,-0.7644482401560518
-1.2351347050980428,-1.4260825212888668,2.0843092403331283,0.13983518307021803
1.0641625206753642,-0.966968609050055,0.5692651441916582,0.7404331816373333
-0.009294430290323872,-0.07771612379279921,-0.6824535399702437,0.29912898987448083
0.7681560364329556,0.6724513561275279,-0.33269453811004274,-0.1880609062345699
0.17352133634120118,1.2870628784364841,-0.5007493144431229,-0.23450741987863774
1.2402081129162843,1.41144070401762,-1.2969256501188502,-1.6402693932049763
0.5503452418860754,0.009277435451568549,0.26341355500578595,0.7943571525863284
-1.7310526114704916,0.273432567598092,-0.21802292048034239,0.007838888670802025
1.1759107594503024,1.3918874156626164,-1.244731286125003,-1.223736675385627
-0.21038510519135592,0.6902654487134767,-0.23285055014543796,0.2315682458277176
0.9857913469365335,-0.23635272894514983,-0.02446305206195767,1.1401943461810797
-0.22865650377999688,-0.6776542371375947,-0.36986421679400755,0.8377455779223556
-0.018524890968027622,-0.1856897873386279,-0.1731408438205581,0.3542896172239064
0.5350781301187706,-1.169272536322332,1.639480350380262,-0.11798371021018673
0.05465897445078556,1.513479150934102,-0.6682166157508788,-1.5070172694376818
1.1736645636960323,1.3457565142931267,-1.2494846190086162,-1.1258107441422518
1.3948446518743178,1.5361900083067093,-1.4040833098834062,-1.5547100259659041
-0.09770680098691524,-0.2856192483176832,-0.7360323698525219,0.852619007420554
-0.7134206443601483,-1.9236275944050434,1.8221606243587267,0.6065541018344716
1.2044444648912649,0.32025577019604073,-0.18540028926261423,0.7360952977521029
-0.935899314458871,-1.4928136055539565,1.3812543877564145,0.8612947751910145
-0.8040757011301436,1.0260484299117487,-0.7318789721872289,-0.3138835051155586
1.2330834607582088,0.8513521247987383,-0.7041896544186098,0.299747318074696
0.4735534245369657,0.8625302568289736,-0.6419117638706906,-0.1880609062345699
0.2524084331673408,-0.07143475654922295,0.8687943391536959,0.35862750110913666
0.7459748533595382,0.13716742336244608,0.0793257407074164,0.7602676164628392
-1.0811650055045585,1.4062062313146397,-0.6549718920848894,-2.054932746698094
-0.6810262899665338,-1.5413928893167759,1.474590463068135,1.156347571256468
1.1827897339477547,-0.16786894059435273,0.13765790347330736,1.058373707594471
-1.173083547386331,-2.0060958675707052,1.5940006459453049,-0.3888498078393172
-1.001109184950025,-0.34676464364681836,-0.18599330215149218,0.7677067278328695
0.04449142898184726,-0.3579461527562167,-0.3056088474687795,0.7813387076887756
0.9551518329759426,-1.1786945871876962,1.1748535982228328,0.8427017900078009
0.04842578123268599,-0.3097214623055346,-0.061243695831273426,0.29787795374846415
-1.0871314629768385,-2.46905965005558,2.5754254398225362,-0.34734033331324626
-0.5964078842861394,0.17034722614101414,-0.907636916723539,-0.336795201216554
-0.7520271338866658,-1.7898108325627269,1.4919885843994172,0.34933340513846095
-1.1984585400478511,0.4034163445901616,-0.48394420600071847,-1.3328308601677719
1.2484909597601554,-0.7625540073007702,0.20468912690483956,0.9809197123442653
0.7887227663079913,0.22380638929467647,-0.26922969880710873,0.8476580020932465
-1.917241181414288,0.9614111347278511,-0.3787617175703239,-3.02925502001385
0.6516346316801933,0.32479794167056225,-0.2022053977050187,0.37660215809213504
-0.15425544594002993,1.2636428344396018,-0.44301708689555197,-0.3739907580667053
-1.5156283999125237,-2.4746487160706976,2.604683818931377,-0.9355190422155752
0.20737922765595712,0.8597272811235067,-0.8107704533963198,-0.7328607762845959
1.374277921999282,1.5700789977095524,-1.2906032558950156,-1.471691076913762
-0.03796852296592831,1.3943189126601299,-0.6243290470876174,-1.4115358915439942
-0.7577128168896621,-1.3226594719154678,0.8616874142597503,0.7088217515565668
1.1992501372095152,1.3482048966864562,-1.3056247107844914,-1.5696170081571372
0.47551884582195214,0.5015880358647645,-1.5330001585278021,-0.9838828526044964
-0.6860802304136416,1.5249949908806582,0.29424099545484866,-1.3966768417713824
1.901993537018117,0.6046733773218425,-0.9024913185048706,0.537754784090533
1.3383036931222996,-0.10322995687087368,-0.19409934992825545,1.0212069101954924
0.2721328396345252,0.38244468298660866,-1.4470017524247658,-0.6851200873377521
0.3308848973321529,1.193771066552724,-0.7894035298515352,0.309664535487449
0.9095610785259913,-0.8691346256917735,0.24896896090315634,0.3047083234020036
-1.169293092051,-0.4075621998221426,0.25312235856844917,1.2276230777463841
-0.39427834384875743,-0.39009088077126,-0.42957392311888737,0.7949754807865436
0.06130981969194473,0.36218220800733053,-1.4489630791000432,-1.5826066936035175
-0.7652937275603237,-1.2887704825126252,1.006594843915524,1.148246992509463
0.3242866973039845,0.40969771183373793,0.1445802329154622,0.7212170750120425
-0.3739923884430054,-1.171366325403524,0.7048966523949444,1.2765620771587611
-0.6983641134448062,-1.9739460739369175,1.5232082901835353,0.049348363196872996
0.621486473040849,0.7066949388425081,-0.2255359553682277,0.9747220506165276
-1.061510792654695,-0.4837254661900861,0.5508748223070004,0.9400141862928232
1.0648644568485734,-0.9931747433565883,0.6416265612936496,1.3063281091226064
-1.0850607512658708,-0.5766795701575248,-0.03295444284433419,0.646222012837111
1.4894656480229462,-0.8778643753286792,0.4573541515434892,1.2753158342746065
1.9112239976958207,0.6976105958934651,-1.0064877811575093,0.2755749993639598
1.0855715739582512,-0.08891114121885042,0.09693153192196341,1.429658222235286
-0.768908698852352,0.15707530502958694,-0.9321650373802407,-0.5035041531815364
1.8646856294120366,1.413534493098812,-1.4521242762119604,-1.5113311871136013
-1.4830585614756069,-2.4515832653859526,2.604683818931377,-0.7867847472335913
-1.778152528692843,-2.458573819253804,3.5094092025895334,-0.9745839633919585
-0.6026902130363636,0.2468718399794215,-0.755599487742346,-0.9956742275853433
0.10970831883473363,0.3083684515415308,-1.3641414690021731,-1.417767105964767
0.23377202776863096,-0.19756866329522976,1.0340764918008782,0.28797032281943546
0.687854538217799,1.3488971979149147,-1.0484140231454935,-0.7855385043494366
-1.8130036596926906,-1.348865606222001,2.2798650470740007,0.052463970407259364
-1.1141560056454007,1.620042883929289,0.23810090367897335,-2.1069873533208576
-0.4661952144749276,0.2014501252342062,-1.1800767291352774,-1.0843012696161807
0.7819490822365205,0.2294123407056101,0.10484606191749371,0.6567575584500791
0.1336969875541652,1.2405942691506724,-0.8437668904039242,-1.4369400734132987
0.6379819731112703,0.29823721405189174,-0.2664607670302468,0.7032424180290441
1.2296439735094828,1.410393809477024,-1.2301020965705827,-1.3582350420370761
0.8030071674328029,1.2280146492677042,-1.111868709698579,0.10326754090400606
1.1904057414270766,-0.8303488715022719,0.2183261159058845,0.8166696934545572
-0.6862908112656044,-1.3995217936701965,0.9804976619186002,0.985875924429711
-0.4126901296720403,-0.361090213457168,-0.44657516422881954,0.6790700993183078
1.1887561914200346,1.2133243549077275,-1.3592035406667693,-1.3656645669233822
-0.4602463054069778,-0.6790557249903278,-0.3597809209842502,0.6152313075774907
1.6003013697727122,1.0225531529778231,-0.8904464652755213,0.22226935661517971
0.3074753259556191,0.5257003810901055,0.11393738791819034,0.6728724375905699
-0.8005309234554361,-0.25312499260924737,-0.16938432637661546,1.247419166636993
0.3136874610885224,-0.13117528694646152,0.9573770815818032,0.3691678399639669
0.5609795749101979,0.0071836463703764735,-1.0428761595917695,0.5687454893501535
1.3137008302513098,1.4271610075223766,-1.2374166913477929,-1.4964721373409893
-0.19637445917409607,-0.49980036300698016,-0.5673767353238627,0.8445615678503086
-0.5320403372028363,-0.3582956804496093,-0.052152369830576785,0.7652238285482847
-0.8495962619627739,-0.13677279565948713,-0.4137564003435637,0.2315682458277176
0.7075438478763229,-1.3722687648230671,1.4896119179576106,0.6660564476626171
-0.8030227968703294,-1.9271228713389688,1.4465088799644603,0.09892965701877576
0.19944734889869073,1.0089266385542586,-0.4129649473440106,-0.7080797158573688
-0.7795781286851352,-1.3775201229218639,0.9478704158145773,0.7714214902760225
0.28017000881777304,0.3516963772055541,-1.4618155374309771,-1.3532980029190793
-0.6080951215700762,1.4282247874587886,-1.0292391705907247,-2.243355084298539
0.4255058934807816,1.0218608517493646,-0.5499786139925803,-1.1376021191230987
1.2624243927983623,0.1462517663114892,-0.16167515882120242,0.9108808622547795
1.8231310079580398,1.3974764816777339,-1.3384596267717788,-1.2609322322357783
-0.11082247838333306,0.3251356495868835,-1.3718714035459125,-1.5293058440965999
1.0621970993903778,1.570771298938011,-1.3178772338971052,-1.8739399339839555
0.6577063795784547,0.2916012534961781,-0.21505554859280537,0.7683250560330847
-0.7862465223306246,-1.7936607028087896,1.6616087301636835,0.4633790087641892
-1.6967279326005513,-2.490014426263317,3.2646587079464147,-0.2382461485311014
-1.4025815792171479,-1.7209859592164451,2.511763083386186,-0.04733132516234771
0.21850491600132624,-0.10532374595206576,-0.9572700188237887,0.6201899162838672
1.5002403682817107,1.0952278965701676,-0.9386720270558663,-0.1471266207319548
0.7089828170314022,0.19516875799062997,-0.3016538899141617,0.5402343281058144
0.3084229397894518,0.4621099804468041,0.1813608766847779,0.6753505436332927
1.450157222323219,-0.9180516173709142,0.31401578322793744,0.7001459837861062
1.7404078299453105,1.3820938860892988,-1.22654863412361,-1.0452363484397973
-0.5380769882924373,-1.5298601639744036,1.0398220252378665,0.7441527373223483
-0.5067355381586371,0.20075782400574757,-0.6169913778789334,-0.20848011656725604
-0.6177116471430449,1.298241010466719,0.2153495142457579,-1.9582051259202522
1.0686900089925648,1.1822383412103514,-1.0836025311431134,0.12496175357201962
-0.16072101512827047,-0.3348857676902165,-0.3740153070161531,1.1519857211619269
0.5558905376544298,-0.3481627544203886,0.8452584190503696,1.0832027004403195
0.5880041175787603,0.8419131885375579,-0.38726233812528993,0.8024145921565738
1.006498464046211,0.8901378789882401,-0.6537720216482491,0.6741138872328625
-1.887794958948153,0.2975449128234331,-0.15692874826703163,-0.14961910650026394
-0.4723336463096439,-0.6451498501916691,-0.39299633434654146,0.5991164284369999
1.2668465906895816,-1.046971614426572,0.7473997551697747,1.1122976785434664
0.7834231482002603,1.5103215819164975,-1.1322434326899877,-1.430756791411147
1.402776530631584,-0.7024588835913943,0.04552169859822723,1.0032322532124942
-0.4704594767271748,-1.6399191739035162,1.216756765779343,0.7311342924247954
-2.375710792946015,1.2622413465868683,-0.34455733407506334,-2.684620930126494
-0.6399279270251229,-0.5382315238843445,0.18412980846163982,0.556968973419079
-1.4171818516199037,-1.3142674301948836,1.9807281174470186,0.1702051635086921
-0.9741548358987838,1.8813950403703454,0.42018124243911803,-2.281125830172146
0.25683063105856013,0.3377152694698521,-1.4879127194279007,-1.393561234560996
-0.9408830612886578,0.2164781275105042,-0.9009222571646489,-0.7130167549753658
1.215850927705918,0.9467377257636904,-0.7688442114083356,0.6344450175818505
0.8382092665192548,0.9289236331777418,-0.5367315828834435,-0.33305647256409027
-1.0107608073316545,1.8261966814476287,-0.17808569448540404,-3.104892376598307
-1.0520697511250285,-1.2831814164975075,1.0394297599028113,0.5898189771970206
-0.8850440387098492,-0.3872963477637012,0.04533710314643641,1.4030077974818271
1.886235069929566,0.5403737900542661,-0.8643492832785977,0.7776239452456225
1.1690317849528502,0.1640658588974379,-0.19528537570601126,0.7311342924247954
-0.8875359121247426,-1.505393225436925,1.179399261223181,0.40573548213017885
-0.6581782675285676,0.25036711691334695,-0.8024636580657339,-1.0811856624057943
0.1744584211324357,-0.946689248674961,0.723471569731393,0.4255699169556848
-0.629574368470284,1.5001903444268587,0.044921763379907116,-0.8239803040837426
-2.1302437131746834,1.066590265266121,-0.3176675453570131,-1.8361212556917268
1.3795775401070132,-0.2272683859961068,-0.018325253289913773,1.5356367998070446
1.0919240963257963,-0.09623940300302268,0.11294518736481483,1.6001059028527322
0.513844560879186,-0.7304210990627983,0.3003787942268925,0.18508338624875262
0.6184681474960486,-0.07283624440195635,-0.08060314383783299,0.9784416063015426
0.1744584211324357,-0.946689248674961,0.723471569731393,0.4255699169556848
0.7804048226554599,1.5019464255917292,-1.111268774480259,-1.386754831116767
-0.7993025351523196,-0.09379102060969324,-0.2850472215824324,0.05308709184933668
-1.2303966359288794,-0.3953321076325666,0.203096991133144,0.939391064850746
-1.605160358805384,0.2790216336132096,-0.4582415967819977,-1.2962584247596978
0.5796861739262287,0.8132586718376954,-0.2362124948111778,-0.4936300749455426
-0.7081561230610777,-0.6696167887291475,0.04630622926833807,0.999512697527479
-1.2006345421848004,-0.2527754649158548,-0.2439216623665908,0.6003559607825475
-1.4123735888334192,-1.3572407625467693,2.0147167550079983,0.014022170672953433
-0.6871331346734557,-1.3614452261049694,0.8871846610383537,0.8544787852630615
-0.036283876150225734,-1.0578120385404857,0.7070656489534861,0.09335032349125308
-1.4926399902399154,-2.509939193326274,3.565180103461828,-0.5376320352399228
1.5987922070003122,0.9110926551959769,-1.105753985358009,0.010906563462567067
0.02996485987727849,-0.2618598078648979,-0.541872566215817,1.0280229001234455
-0.42449669610542257,-0.2835220821573279,-0.3550358948959678,0.3976780425599334
1.136286462472631,0.20004863738147283,-0.1513931921564552,0.7144010850840895
-0.7521324243126472,-1.112318096234744,1.0852786552413496,0.7577895104201166
-2.3564426449914166,0.819894632393409,-0.22652354103530845,-2.793091993466562
0.3185659174923278,0.39222132716411046,-1.432764828205401,-0.6783136838935235
0.6809755637203467,1.4628060780900902,-1.0420916289216586,-0.9671544385056523
-0.10927821880227236,-0.2678000901129896,-0.4570555710042419,1.032365577250538
0.5948128984588916,0.5714766891474583,-0.7625218171845008,0.0034770385762611365
0.8095000770349898,0.9442893433703611,-0.3313105337102412,-0.6454799771379129
0.2579537289356951,1.2405942691506724,-0.8293453707327684,0.18074550236352235
1.3657143006861272,-1.1301321888206928,0.4448939585476106,0.29044842886215816
0.06618476641488408,0.3153590054093818,-1.2886188547882644,-0.4254222432473913
-0.1376231034126416,1.133675942843348,-0.014171855624620897,-1.3167255675110052
-1.14391809938948,-1.8320918636861538,1.7448612789213316,0.09645155097605305
0.15440410466384286,1.2636428344396018,-0.5288239752173552,-0.4861526176406153
-0.1507415534569436,-0.9819797259305371,0.06647328237648238,1.0069518088975091
1.0266089354086607,-1.0326527987745486,1.0421756172481993,0.6548977806075715
0.890363124188714,0.6437968394276654,-0.2842557685828793,0.013399049230876224
1.2321358469243762,0.11688806298735185,0.0032262657066614918,1.0001358189695564
0.030491312007185526,-0.8565550058088051,0.36503335121661823,0.09521968781748491
1.6880433914238886,1.5564524832859876,-1.3522812112246145,-1.3985462060976142
-0.8804112599666669,1.5218543072588702,0.2622136845691458,-1.7511850098947317
0.7042096510535781,0.7821726581403194,-0.5341610912172566,0.23590612971294786
-1.1681348973652046,-2.335242888213264,2.4014442265097125,-0.7533279190359035
-1.4880774051140542,-1.672761268765763,2.0004798307886333,0.879269432174013
-1.0517187830384238,-0.5934467682028776,-0.0011348018418960546,0.7243183024968424
-0.17360540455561582,0.7409385215574882,-0.09426320727035174,0.025190424211723152
-2.0754224980470286,1.0760123161314856,-0.2836627556940014,-1.8447970234621875
-0.189207690845628,-0.43516475636266433,1.4421478124159028,0.8749315482887826
1.2278189394591383,0.007538239682513841,-0.3532563947407046,1.1575458817220008
-0.19295603001056627,-0.20350894554332147,-0.43688851789609756,0.5389947957602669
1.3269323271163072,-0.779338090741939,0.11631405435999682,0.8904280992290583
-1.3480411385587767,0.5148768423720078,-0.5252658978840877,-1.7654688706438877
0.839191977161748,0.17733778000886516,-0.3024453429137148,0.8414603403655085
0.52756741306543,1.0732262258218346,-0.3532563947407046,-0.5152955281623833
-0.5680496628884792,-0.5169221543644702,0.17443854724262317,0.9375312870082384
-1.2526831094282782,-0.23425725132437614,0.2572757562337421,0.5365152517449855
1.285307512044989,-0.8065911195890682,0.19875899801606028,0.9288555192377779
1.2771299556270996,0.9844765854125962,-0.8283531701793927,0.006592645786647502
0.4882589873657029,-1.4494856798899332,1.5874705818382056,0.3078047576449414
-1.0786029384723441,-1.051176077984772,1.0326920259124472,0.5005649791306163
0.13018379700725213,0.1752439909276731,0.6544790196245835,0.8557154416634919
1.1754545009377162,-0.7926100118533662,0.17266181601913672,0.4918892113601557
-1.4232886963268254,0.3691727618751815,-0.4305615087859681,-1.304311071088081
0.0715721265442663,0.5728781770001917,-1.55139048041246,-2.3666851974112184
0.6300851911626644,0.38593995992053426,-1.4562776738772534,-0.4446431431145444
0.1744584211324357,-0.946689248674961,0.723471569731393,0.4255699169556848
-0.6706025377943741,-0.28142660453655416,-0.6160222517570317,0.33445518239840044
0.39265528057458104,0.33633066701293474,-1.4817979950873306,-1.2293447683643224
-0.6528435526121761,1.700400482617943,-0.2518315774758263,-2.78690871146441
0.42466357007293026,0.20354391431539826,-0.2951284406933571,0.4968454234456011
0.8912054475965654,0.848903742405409,-0.41019832301029613,0.9090210844122718
1.0328912641588848,-0.9970077282068351,0.6598092132950428,1.0800870932299331
-0.9456211304578213,-1.106374436907489,1.1171213706752618,0.6208082444840823
-0.9640469550045684,-0.4211887142457072,0.10978399025289748,0.35242983938139877
-0.7358826019028493,-0.5364923281152898,0.11294518736481483,0.8179111430968495
0.4665691596135321,0.43205397589420813,0.14557243346883766,0.9288555192377779
-0.6591258813624002,-1.7304080100818093,1.6938437109326507,1.0317424558084607
-0.018538929691491804,-0.18568134464071986,-0.1731316140479686,0.3542944104657685
1.2337503001227579,-0.9425016705125766,0.31738465022311946,0.5768029289203989
0.7859150216151536,0.21193595603598267,-0.2621112366974262,0.8482811235353237
-0.6312590152859866,-0.27443773920828485,-0.13893761404687133,1.324925887547682
0.3573127942534873,1.178743064276426,-0.8629648173901667,0.25450390813802354
0.21317020108493476,-1.476046407508604,1.5647422668364641,-0.05538397149073096
-1.0439623883244598,-0.4166465427711856,0.2715126804531071,1.1401943461810797
-0.43864772935732427,0.26539511918964503,-1.1943136533546423,-1.0892383087341775
0.04551976547559904,-0.13642664504525778,-0.8722407388426543,0.5644068385462252
-2.397295330272204,0.7832195526809154,-0.09781666971732456,-2.6046696558661173
-0.11311780966972786,0.02780071466179202,-1.124721168029513,0.25450390813802354
-0.03871959467126239,-0.4571782468880685,1.5184780317313962,0.8991038669995188
0.13449368511075793,0.5117192733544036,-1.5618662723015877,-2.3480874189861427
0.32414631006934264,0.23709519580191976,0.6550789548429037,0.9443520701780536
0.24939010762254035,-0.9372671978095964,0.9391713551489361,0.26256134770826894
0.03821260991248905,0.7129763060860844,0.04037610037955884,0.346232177653661
-1.1562721760379655,0.4575678089722827,-0.4819667272234095,-1.4760049945896818
1.7765224460569347,-0.04418172770209377,-0.33823055570924865,1.4916348395126644
1.1217914804958566,-0.16821846828774528,0.027731311931889394,0.939391064850746
0.15806119212626388,-0.1940750749008859,1.0388298246844911,0.35986895075142905
-0.15706673541054228,-0.47849099348710594,-0.5648062436576758,0.8786511039737978
-0.08697770657940938,0.7933507901705545,0.11670631969505227,0.14913407228275585
-1.817601341627212,0.22137489229716306,-0.09980107082407558,-0.054185661025197764
-1.1972301517447348,0.09034422076449741,-0.22632510092463334,0.37474717349148967
-0.34124004660105434,0.9317097234873926,-0.24036358503332325,-0.12977508519103367
-1.2047408687980754,-1.8516620374369734,1.8618947953566947,0.21731314452973427
1.21153402024068,-0.8177692516193033,0.23671643779054233,0.6641966698201094
-1.2117953273388298,-0.41909323662493353,0.27645060878851085,0.9784416063015426
-0.8802357759233647,-0.08995803575944646,-0.4960029038889521,-0.038655557391887155
-0.548641127699239,0.006136751829780436,-0.6610866164254593,-0.0944488926671142
-0.8759188684581267,-0.5612969745690894,-0.06657388950173258,0.7807203794885604
1.6188675815541014,0.3523886784340127,-0.6779078769698955,0.9809197123442653
-0.5289167212320546,-1.3712218702824712,0.8877845962566738,0.9530278379485141
-1.561780703301042,-1.7090986405619353,2.526000007605551,-0.12172243886265043
-0.9232293665324411,-0.6643823160261674,0.047898365040033704,0.7838216069733603
-1.9493547613386184,-1.2024523391008999,2.048336201665397,0.05864725240941088
-1.6346416780801791,0.7531635481283194,-0.311342843690031,-2.0908820606640908
1.6272557188239536,-0.26954604004037075,-0.3010608770252838,1.14704868204393
-1.0322049574232022,-0.3439701106392596,-0.004503668837078038,1.1458024391597754
-0.25540729134100754,1.2224086978567703,-0.46951114911382574,-0.429160971899855
-0.7269329156944294,0.26154524894358216,-0.7470850225284956,-1.1412929153569409
-0.8441211598117405,0.18118765025492797,-0.8805475341732399,-0.5698426205534558
1.020291509849776,-1.0847104740754774,0.5710418754151445,0.4534617913514362
0.3906196656722738,1.1378635210057322,-0.2512385645869484,-0.4768537284280774
0.3709654528224103,0.273432567598092,-1.277958467447346,-0.11616227830257622
0.7427810437714353,0.7329010731490412,-0.6156299864219763,-0.025665871945507023
-0.7695053445995801,1.707391036485794,0.2695282793463561,-1.0260154485726445
0.931391293512804,-0.7419369390093546,0.1669162825821483,0.715642534726382
0.7468171767673896,1.2594552562772174,-1.1765232666883048,-0.08265751768626728
-0.4890116497850995,0.14974704324541466,-1.0683734063703731,-0.0616151859115038
-0.8637753726616041,0.3440135221092444,-0.4942238652223183,0.004100160018338346
0.9723843660282336,0.6668622901124104,-0.5217055131076728,0.2737152215214522
-0.1015463918543707,-0.4893314176010197,-0.1162069916019824,0.8011731425142815
-1.8514346651759057,-1.1486554680309162,2.0530895345490103,0.312765762972249
0.11884401812905411,1.2287069504961627,-0.6312283020982984,-0.1514884708264958
1.7036614712777982,0.24442345758609207,-0.6644554834206414,1.1265815392926224
-0.15041360887682018,-0.1993163017621925,-0.4958067712214243,0.9307152970802854
-0.7956173702429703,-1.4183996661925573,0.9542158844698858,0.8309247947525404
-0.9772433550609052,-1.1220947404122457,1.1861139207820712,0.5383750295874931
-2.0909352874749567,0.7626024843894998,-0.1407166527135051,-2.607785263076504
1.173348692418088,0.9065504837214554,-0.6984671954130952,0.7596492882626241
-0.8040757011301436,1.0260484299117487,-0.7318789721872289,-0.3138835051155586
-1.131318345080371,-1.2702472033024017,1.0257696964702925,0.7875363694165134
0.4839069830918045,0.9788875193974786,-0.5737037444339921,-0.6150908237319905
1.443208054208446,1.083695171227795,-0.905467920164997,-0.19362106679464397
1.1953192946395426,0.7388447324762962,-0.8194695140619608,0.5513905985399288
1.3104719238545466,-0.38065701012882436,-0.29374628224807353,0.7007643119863214
-0.1286274403848764,0.11514886721829715,-1.0262625689305982,0.2693773376362219
0.03197941669438949,0.3097699393942643,-1.2880419940014183,-0.3869804435130854
1.2421735342012707,-0.13048298571800285,-0.1725478309316802,1.0472533864743228
-2.3115538267146745,1.0333935770917368,-0.20556734237075852,-0.9974956594929538
0.24528378100926526,1.0319920892390035,-0.09564767315878271,-0.7960836364461289
-0.5613110756256688,-0.5459312643764702,0.32686824155887156,0.8842304375013205
1.2023386563716367,-0.17311016745565933,-0.09327100671697623,1.3825406547305197
0.5377103907683058,0.866025533762899,-0.21466097581460253,0.8854670939017507
-0.5130529637175217,-1.3841560834775772,0.9271265019195868,0.9505497319057914
-2.40670127499321,1.3038300764818367,-0.3425800860420692,-2.7168794478586484
0.6161166613157971,0.15638300380112824,-0.04146890805818457,0.47949388790468
-0.8347503118993949,1.5892945781482344,0.09238586892161509,-1.0818087838478716
0.991792901217474,-1.0588589330810818,0.5295309731936897,0.49499043884495564
-0.7480611945080327,-1.5071493066017958,0.9882045220308657,0.6474634624794035
1.6331870794875731,0.2482733278321549,-0.6409195633173151,1.1036219107730056
1.2250813883836216,-0.8537520301033383,0.450039556766279,0.9685243888887898
0.63945603907501,1.0620480937915995,-0.4052534723454502,-0.9999881452612629
-2.2786330201911533,1.263997427751739,-0.4485526430061284,-2.4857013928479783
0.5205129545246753,0.7213683478066687,-0.2931532693591956,-0.3969024541677006
-1.3312297672104112,-0.3607423743033571,0.14418796758040675,0.8557154416634919
0.5243034098600061,1.0040467591634157,-0.386669325236412,-0.9076223745779618
0.5269356705095414,-0.30553545158067325,0.7634134106126261,0.4044940324878864
-1.013849326493776,-1.0749338298979758,1.1412341515654343,0.5402343281058144
0.3061416472265212,-0.3317417069892652,1.1499332122310755,0.20615447747468887
-0.6632673047843358,1.2346506098234176,0.05422075926386837,-1.8887989837565677
-0.42800988665233564,1.3097737358090915,-1.2216107057882062,-3.02925502001385
-0.48264157901322413,-0.2988967416097297,-0.4036728737894915,0.7187389689693198
0.42627802327131187,-0.22412432529515544,0.7470074898347194,1.154478206930236
-1.5310358989144701,-1.3324361160929696,1.9816972435689204,0.08093582706832889
-0.6464910302446308,-0.6643823160261674,-0.37184169557131647,0.4751560040194497
-1.1208945929082113,-2.0801720990157833,1.73436241260073,-0.36962890797216436
0.040413179815500556,1.446393473356875,-0.7040050589668191,-1.4282643056428377
-1.0557198192257173,-1.260808267041221,1.0603813436810663,0.8798925536160903
-0.6080951215700762,1.4282247874587886,-1.0292391705907247,-2.243355084298539
0.1788630706193248,0.6832917802414418,0.08507127414440491,0.41131481565770156
1.4436292159123716,1.0735639337381562,-0.9151591813840139,-0.13351381384349734
0.9835802479909238,1.3234002502326563,-1.0879405242601972,-0.6764443195672918
0.9854052820412682,-0.9316781317944789,0.8705710703771823,0.7652238285482847
-1.3261056331459826,-0.390789936158045,0.25965242267554856,0.8247271330248026
-0.7462361604576881,0.1647581601258966,-0.8516814203994545,-0.35663922252578417
-0.8380143151048187,-1.4833915546885923,0.9300800291482394,0.5055259844579238
-0.8770068695266013,-0.27688443306203264,-0.5798415432060361,0.16958683530847696
0.15285984508278216,1.4240203239005886,-0.6919371313059959,-1.3539211243611569
-0.29799726865048853,-0.2506782987554995,-0.4254205254535945,0.3945768150751334
1.1747525647645067,-0.8645924542172521,0.26341355500578595,0.5991164284369999
-1.5168918850243005,-1.6280318552490065,1.9182425570158348,0.7949754807865436
0.7858799248064933,0.6497404987549203,-0.1794678529306876,-0.14650349928987758
0.12109372356419024,0.7038919631370414,-0.0723194229387211,0.39829637076014857
0.9955482597441443,0.27167648643322123,-0.30007329135820304,0.535275719399438
0.3226020504882819,-0.12663311547193998,-0.888646659620561,0.7590261668205468
0.5554693759505039,-0.23181055747062831,0.7104345159486682,0.416271027743147
1.1446745997424836,-0.9722030817530353,0.6356964324048704,1.1222196891980816
-2.0420454330109212,1.2346506098234176,-0.444599992894658,-2.2693823876099204
-1.0455066479055204,0.21961881113229234,-0.5398950874385082,-0.8878262856873529
0.02650080486249003,-0.22482338068194052,-0.8048172500760666,0.8439432396500934
0.8741483985875765,0.7154246884794139,-0.3736207342379502,0.2861105449769279
-0.9477269389774495,0.2510763035376218,-0.8684796065124167,-0.6138445808478359
0.39823567315159597,1.0330389837795995,-0.3609671775063208,-0.47253981075215784
0.635349712461735,-1.005045176615282,0.8597030131529991,0.37474717349148967
1.2156052500452945,-1.1144118853159362,0.43561803709512315,0.309664535487449
-0.2952316401280435,0.21752502205110025,-1.031015901814211,-0.7216925227458263
-1.406231647317837,0.3604261268424597,-0.36610769935006493,-0.4490049932090852
-0.03562756582827492,0.46665215192132575,0.12678984624912437,0.47639266041988
-1.28563901276046,-1.5235619113350112,2.338774070626738,0.11380308651697418
1.2440336650602757,-0.24893234882811838,0.17284641147092758,1.603844631505196
-1.0196052031140932,-0.37332030564674407,-0.005080529623924257,1.1036219107730056
0.14850082144715168,-0.30413783338786976,1.1760303942279988,0.312765762972249
-1.5350369351017639,-2.4802377820858155,2.665600318022339,-1.0204552880125703
1.51287521939948,0.05051157203439968,-0.3162853869117295,1.3602520800716016
-0.3781127537797446,-1.083308986222744,1.5781715859542442,-0.7316145334004415
-1.8502413736814496,0.8216507135582798,-0.4038713139001666,-2.585448755998964
1.2939764237841254,1.5393306919284977,-1.246115752013434,-1.4363648843898427
0.08047267722056164,1.3254940393138481,-0.41434941323244157,-0.23019350220271806
-0.08088490059595169,0.018361778400611584,-1.1053386455914795,0.2712371154787295
-0.34489713406347533,0.17838467454946116,-0.7283024353087824,-0.5983624096331467
-0.4005571629181156,-1.244395662308006,0.5862710001878852,1.0001358189695564
1.7105053489665898,0.5840563090304268,-1.014794576488095,0.3146255408147566
0.1525790706134984,0.6340201952501637,0.038991634491127886,0.4869282060328482
-0.7219491688646426,-1.3768109362975889,0.726840436726575,0.6487001188798337
-0.8335219235962783,-0.241943483499849,-0.6454652263176635,0.17206494135119968
-0.2915780623464885,0.7038919631370414,-0.026839718503764144,0.010283442020489858
-1.4041258387982085,-1.6923314425165825,1.9787437163402677,1.0311241276082455
-0.3695877389561164,-0.21119517771879434,-0.43688851789609756,0.24892457461050083
-0.9524299113379525,-0.4501893815597991,0.27942721044863744,0.5885794448514731
-1.1087160003030279,0.3565931419922129,-0.4614051013370625,-1.1760439188574046
1.6493667082800503,-0.31077646183612234,-0.27259164347284853,1.1018004788653952
-0.5516243564353789,0.0005476858146628445,1.2476072806598795,0.9034417508847492
-0.9415499006532068,0.2538623938472725,-0.5517576526592141,-0.8214878183154335
1.118001025160526,-0.9379594990380552,0.30453219189218544,0.22598891230019483
1.3701364985773463,-0.910706470190926,0.5032261213135015,0.9263774131950552
1.188861481846016,1.5396852852406349,-1.2734128044469977,-1.842927659135956
-0.2501603184462672,0.21333744388871612,-1.1290822355780705,-0.830163586085894
-0.09995299674118534,1.0361796674013877,-0.09998566627586636,-1.0340680949010277
0.5518895014671361,-1.4645136821662315,1.5285615582854684,0.45222034170914377
-1.0423479351260783,-1.4805885789831252,1.6839447798303695,1.300144827120455
-0.8909403025648082,-0.10603293257634049,-0.47089330755910924,0.17082828495076938
-1.5266487978319112,0.1444956851466184,-0.16582624904334792,0.1925224976187829
-0.7901422680919369,-1.8313995624576953,1.7325856813772436,0.5086224187008617
-0.885254619561812,1.5225634938831447,0.19677459690930926,-1.0718867731932564
-0.5168785158615131,1.2814738124213663,-0.1494157133791463,-1.989217400768252
-1.4766358454907407,0.11933644538068129,-0.15554658982174804,0.41874913378586964
1.312086377052928,1.1672103389340533,-1.045252826033576,0.28115433289148245
-0.4802971121947046,-1.1668241539290023,0.6989665235061651,1.2319369954223036
-0.6217477801389991,-0.04347254107781903,1.2859569857694169,1.0614893148048574
0.8492296644386426,1.215772737301057,-1.2156805768994268,-1.0322466629934173
0.0030280592303673286,0.19236578228516316,0.6495410912891799,0.9102625340545643
-0.5932140746980366,-0.03719117383424281,1.2691587996564546,0.7708031620758073
0.5944970271809473,0.85589429627326,-0.24451467525546872,-0.4979439926214622
0.1837801335126567,0.11200818359650899,0.680760797073298,0.6710126597480623
0.4564261819106561,0.36218220800733053,-1.4418561542060975,-0.6318192378308343
-0.3718374443912525,-1.3694826745134165,0.7560988158354159,1.0974386287708542
1.1745068871038835,0.1294676828703204,-0.04562230572347744,0.8383639061225707
-1.023465852066745,-1.5633945600651091,1.2434538829945865,0.25821867058117653
0.9676112000504097,0.6658153955718144,-0.3906242827910298,0.4230918109129621
1.7441280916633204,0.21857191659169625,-0.6140378506502806,1.317496362661376
1.0428587578184585,1.167902640162512,-1.0381228267081566,0.292931328146743
-0.9303891154991771,-0.5172767476766076,0.34405869300688924,0.7416746312796257
-1.449049753883611,-2.6151014384687277,3.708518471777379,-0.6876125731060614
-0.7980039532318821,1.5232557951116037,0.2910797983429313,-0.9138535889987346
1.3493240910416873,0.11584116844675578,-0.23581561458982753,0.7404331816373333
0.4909263448238987,0.7695930382573509,-0.3562221514180384,0.5910585095425683
-0.014916939037731246,-0.32964454082890987,-0.35523364277369873,0.7354721763100257
0.3126345568287082,0.2510763035376218,-0.2933494020267234,0.5098638683431541
-1.7234366039911695,0.9390548706673809,-0.419884969343018,-2.680307012450575
-0.34611499332399365,-1.643414450837442,1.2017353108898672,0.9238945139104703
-1.3049071607150584,0.3761633157430325,-0.4525076005607462,-0.3064060478106313
0.20583496807489635,0.08789583837116796,0.7905027931629252,0.9648048332037745
0.4710615511220723,-0.43551428405605686,0.9409480863724224,1.1922968852224645
0.6014812921043808,0.7210137544945314,-0.48117527422385653,-0.5016827212739259
-0.8552468481571096,-1.8872902226088708,1.8057547035808197,0.5179213079133995
-1.2393463221372993,-2.071780057295199,1.7223175593713809,-0.555606692222921
0.7846164396947163,1.419478152426067,-1.1419346939090045,-1.3532980029190793
-1.4680722241775859,-2.578071765444097,3.711679668889296,-0.7638251187139745
-1.2443300689670862,-1.4606638119201687,2.130388879986405,0.07973751660279557
1.5799101239409787,0.10152235279473251,-0.38844836390304577,1.3459682193224456
-0.8970822440803906,-0.10603293257634049,-0.47603429089148297,0.17826260307893751
1.2529482544600352,-0.9124456659599808,0.47297554165128514,0.6958080999008759
1.0940650016540852,1.1493962463481047,-1.1045541149213687,-0.008314336404585898
-0.4884957266977906,-0.29016158864616287,1.0874707262313654,-0.14343582449811243
0.624610089011631,-1.2915565728222758,1.4447321487409739,0.15843296149529368
1.165065845574217,-0.9299220506296082,0.5738108071920066,1.1928720742459205
-0.29556155012945184,-0.3317417069892652,-0.3338807946321133,0.5247387358139111
0.3992183837940892,1.03059060138627,-0.28089382391713946,-0.4849543071750821
-0.6007949853686981,0.055408336821058564,-0.4576485838931198,-0.10250153899549745
-0.5386736340396654,-1.2915565728222758,0.7052889177299998,0.8966257609567962
-1.2115145528695461,-0.005395973512592077,-0.1776888142640538,0.3499517333386761
1.5355126609854834,0.07146634824213653,-0.4086154170111901,1.3118882696826804
-0.719071230554484,-0.16891752367453036,1.535668483179414,0.8588166691482918
-0.2799610186798728,0.18292684602398268,-1.1891680551359742,-0.8995697282495784
1.6246585549830788,-0.3659819126250821,-0.24471311536614385,1.045997557106444
0.3108446195870243,0.015575688090960837,-1.111868709698579,0.5984961829400399
1.2742169205082805,0.29963870190462516,-0.18045774604091572,0.7565480607778242
-0.25255041111604526,0.2311515364746648,-1.1731543996931229,-0.961546345526957
0.5568732482969228,-0.16647251836036414,0.722087103842962,1.2480422880790703
-2.223741611446177,0.8034820276601936,-0.19172729837274372,-2.6344356878299626
-0.6407702504329741,-0.04104104408030566,1.3915455841937512,0.9431106205357611
-0.7052430879422585,1.5253495841927955,0.23966996501919502,-0.8400855967405091
-0.03629791487368991,-1.0578120385404857,0.7070656489534861,0.09335032349125308
0.2538123055137596,0.7751821042724684,0.009940925265551612,0.9009636448420264
1.4752865373241162,-0.7548711522044604,0.30649351856746254,1.1420637105073117
-0.9125248398909976,-0.2845706652375055,-0.589325134541788,0.1540902843682013
0.2400543565188552,1.154985312363222,-0.5699472269900495,-0.3008458872505571
-0.9443225485373838,-1.880316554136836,1.8148460295815163,0.15533173401049372
1.8791104177714901,1.0267576165360233,-0.9523090160569111,0.33383685419818526
0.2559883076507088,1.432412365621173,-0.643688495094177,-1.3687801741337686
-0.2782728621833041,-1.0567651439998897,0.13825783869162747,1.019347132352985
-0.29017419000006967,-0.30902949878499225,-0.3631419426727311,0.3530529608234761
-1.0136036488331528,-1.8320918636861538,1.6970049080445682,0.15037552192504827
-1.0153584892661762,1.8440107740335774,-0.1361709897131568,-3.0955934873857696
-0.8729005429133263,-2.1406218160372967,1.8425122729186616,-0.10930794243972618
0.1154712148167829,0.6773481209141868,-0.0719040831721918,0.2576003423809614
-0.3308408621949569,-0.34536822141282975,-0.3431733296752619,0.933193403123008
0.8085875600098176,-1.1552914285866298,1.1890905224421977,0.28983010066194304
-1.2327832189177912,-0.2028098901565364,0.27605834345345537,0.4534617913514362
1.2227649990120304,1.4250672184411846,-1.292195391666711,-1.5733078043909798
1.1035762368010726,0.0997831570256778,0.08844014113958688,0.9183199736248097
-0.6412967025628812,0.08509286266570115,-0.45053012178343727,-0.1471266207319548
0.7542577002034092,1.3415689361307424,-1.0804413340311962,-0.8686053858201997
-0.06668824149279136,-0.2087501724046281,-0.7955413286235791,0.7782422734458376
-0.16011208549801131,0.9058581824929968,-0.16681614215357604,0.20429469963218133
0.04940849187517917,1.2468756363942488,-0.5576900889911407,-0.32998879777232526
-0.03629791487368991,-1.0578120385404857,0.7070656489534861,0.09335032349125308
-0.06949949586649505,-1.0679432760301248,0.14121136592028016,1.2598336630599172
0.11997062568705519,1.2234724777931825,-0.9036911889415107,-0.0981876213195779
-0.40983324944707794,-0.012386527380443074,-0.6925370665243159,0.012152806346721699
1.2702860779383076,-0.33348765691664634,-0.24313251681018516,0.8129501377695421
-0.9268794346331299,-1.843269995716389,1.7286399535952155,0.4311492504832075
-0.4027577328211271,-1.056055957375615,0.16534722124192652,0.806134147841589
0.6805894988250815,0.959317345646659,-0.34416183831960157,-0.26738905905286947
-1.4183049494970388,0.25595618292846456,-0.4677321104471919,-1.145654765451482
0.07986550243073551,1.448487262438067,-0.6715624083145869,-1.3092960426246991
-0.46563366553636015,0.23464681340859034,-0.7682442761900155,-0.8443995144164286
0.16546310907275713,0.26363903802477423,-1.385900657882013,-1.2045157755184739
0.9957237437874465,-1.0385964581018037,0.5032261213135015,0.4243284673133924
-0.41784585086426335,0.12249401439828547,-1.0507906895872998,-0.03803243594980984
-0.05834923975506356,-0.18184498271130986,-0.5045058318870655,0.5842406023178704
0.15562196392436117,0.845053872159346,-0.15356911104443918,0.4850732214322027
0.22043524047765214,0.10886749997472092,0.2333475707953604,0.4856915496324179
-0.5358307925381672,0.08404596812510508,-0.9301806362734896,-0.1254611675151141
0.2507939799689592,0.3020870842979546,0.0994927938155607,0.3592506225512139
1.2770597620097786,1.4509356448313964,-1.310562639119895,-1.7134142640211247
-0.674919445259612,-0.680102619530924,0.022585713713221007,0.9957931418424637
0.2566902438239182,0.3551916541394795,-1.3987531162129472,-1.2863364141050826
-0.9561852698646228,-1.5309070585149995,1.488804312856026,1.008811586740017
-2.621388453569309,1.2636428344396018,-0.30956149758024987,-1.6086339969148993
-1.3663616726795422,0.14870014870481865,-0.310551390690478,0.07724503083448653
-1.3304576374198809,-1.528104082809533,2.2923021656384055,0.2935496563469582
